-- ====================================================================
-- Cuídarte Venezuela - Script de Importación Completo para MySQL / MariaDB
-- Sismo Venezuela - Junio de 2026
-- Ejecuta este script en tu administrador de base de datos (phpMyAdmin, etc.)
-- ====================================================================

SET FOREIGN_KEY_CHECKS = 0;

TRUNCATE TABLE medicamentos;
TRUNCATE TABLE pacientes;
TRUNCATE TABLE hospitales;
TRUNCATE TABLE transporte;

-- 3. INSERTAR EL DIRECTORIO NACIONAL COMPLETO DE HOSPITALES
INSERT INTO hospitales (id, nombre, municipio, lat, lng, telefono) VALUES
(1, 'Hospital Universitario de Caracas (HUC)', 'Libertador', 10.489700, -66.889400, '(0212) 605-4050'),
(2, 'Hospital Dr. José María Vargas', 'Libertador', 10.517300, -66.918900, '(0212) 862-9965'),
(3, 'Hospital Miguel Pérez Carreño', 'Libertador', 10.482000, -66.961000, '(0212) 472-8472'),
(4, 'Hospital Dr. Domingo Luciani', 'Sucre', 10.486200, -66.815300, '(0212) 205-6501'),
(5, 'Hospital Central de Maracay', 'Girardot', 10.252200, -67.581900, '(0243) 246-1212'),
(6, 'Hospital Universitario Dr. Ángel Larralde', 'Valencia', 10.224100, -68.016300, '(0241) 871-6100'),
(7, 'Hospital Universitario de Maracaibo', 'Maracaibo', 10.672800, -71.635300, '(0261) 752-0010'),
(8, 'Hospital Universitario Ruiz y Páez', 'Heres', 8.128300, -63.541400, '(0285) 632-1515'),
(9, 'Hospital Dr. Manuel Núñez Tovar', 'Maturín', 9.749700, -63.179400, '(0291) 641-4011'),
(10, 'Hospital Central de San Cristóbal', 'San Cristóbal', 7.765600, -72.219800, '(0276) 347-1010'),
(11, 'Hospital Central Universitario Antonio María Pineda', 'Iribarren', 10.075400, -69.317200, '(0251) 252-0303'),
(12, 'Instituto Autónomo Hospital Universitario de los Andes (IAHULA)', 'Libertador', 8.599100, -71.144800, '(0274) 240-1111'),
(13, 'Hospital Universitario Dr. Luis Razetti (Barcelona)', 'Simón Bolívar', 10.134200, -64.685300, '(0281) 263-4207'),
(14, 'Hospital Dr. Alfredo Van Grieken', 'Miranda', 11.411400, -69.673600, '(0268) 252-1112'),
(15, 'Hospital Universitario Antonio Patricio de Alcalá', 'Sucre', 10.453300, -64.182400, '(0293) 431-2020'),
(16, 'Hospital Dr. Luis Ortega', 'Mariño', 10.957500, -63.858300, '(0295) 261-1224'),
(17, 'Hospital Dr. Miguel Óraá', 'Guanare', 9.041400, -69.748300, '(0257) 251-1100'),
(18, 'Hospital Universitario Dr. Pedro Emilio Carrillo', 'Valera', 9.317800, -70.603300, '(0271) 221-5050'),
(19, 'Hospital Dr. Luis Razetti (Barinas)', 'Barinas', 8.622500, -70.211900, '(0273) 541-1111'),
(20, 'Hospital Dr. José María Vargas (La Guaira)', 'Vargas', 10.598300, -66.932200, '(0212) 227-1468'),
(21, 'Hospital Dr. Israel Ranuárez Balza', 'Juan Germán Roscio', 9.911400, -67.358100, '(0246) 431-1522'),
(22, 'Hospital Dr. Egor Nucete', 'Ezequiel Zamora', 9.653300, -68.583300, '(0258) 251-3011'),
(23, 'Hospital Dr. Pablo Acosta Ortiz', 'San Fernando', 7.893300, -67.472200, '(0247) 341-0811'),
(24, 'Hospital Central Dr. Plácido Daniel Rodríguez Rivero', 'San Felipe', 10.339200, -68.742200, '(0254) 231-1055'),
(25, 'Hospital Dr. José Gregorio Hernández (Puerto Ayacucho)', 'Atures', 5.663900, -67.625600, '(0248) 521-0111'),
(26, 'Hospital Dr. Luis Razetti (Tucupita)', 'Tucupita', 9.060300, -62.051400, '(0287) 721-1212'),
(27, 'Ciudad Hospitalaria Dr. Enrique Tejera (CHET)', 'Valencia', 10.169200, -68.012500, '(0241) 831-2022'),
(28, 'Hospital General Dr. Felipe Guevara Rojas', 'Simón Rodríguez', 8.883300, -64.244400, '(0283) 235-5022'),
(29, 'Hospital Dr. Rafael Calles Sierra', 'Carirubana', 11.697500, -70.183300, '(0269) 247-1122'),
(30, 'Hospital Dr. Raúl Leoni (Guaiparo)', 'Caroní', 8.351400, -62.651400, '(0286) 931-1122'),
(31, 'Hospital Dr. Victorino Santaella', 'Guaicaipuro', 10.313900, -67.040300, '(0212) 364-0000'),
(32, 'Hospital Dr. de Niños J.M. de los Ríos', 'Libertador', 10.510300, -66.903100, '(0212) 574-3511'),
(33, 'Clinica CCCT', 'Chacao', 10.491200, -66.837500, '(0212) 959-6444'),
(34, 'Clinica El Ávila', 'Chacao', 10.496800, -66.845000, '(0212) 276-1111'),
(35, 'Cruz Roja Venezolana — Sede La Candelaria (Caracas)', 'Libertador', 10.504200, -66.900100, '(0212) 571-4380'),
(36, 'Grupo Médico Santa Paula', 'Baruta', 10.463200, -66.832200, '(0212) 917-6200'),
(37, 'Hospital Ana Francisca Pérez de León II (Petare)', 'Sucre', 10.479500, -66.805400, '(0212) 256-8448'),
(38, 'Hospital Ciudad Caribia', 'Libertador', 10.536400, -66.953200, '(0412) 377-1206'),
(39, 'Hospital Dr. José Gregorio Hernández (Magallanes)', 'Libertador', 10.535000, -66.942000, '(0212) 862-2910'),
(40, 'Hospital Militar Universitario Dr. Carlos Arvelo', 'Libertador', 10.498800, -66.924200, '(0212) 406-1241'),
(41, 'Hospital Periférico de Catia (Dr. Ricardo Baquero González)', 'Libertador', 10.528400, -66.938200, '(0212) 870-2266'),
(42, 'Hospital Periférico de Coche', 'Libertador', 10.467400, -66.931200, '(0212) 681-1133'),
(43, 'Materno Infantil del Valle (Hugo Chávez Frías)', 'Libertador', 10.457800, -66.892400, '(0212) 671-5902'),
(44, 'Policlinica La Arboleda', 'Libertador', 10.512400, -66.901500, '(0212) 550-1811'),
(45, 'Policlinica Santiago de León', 'Libertador', 10.490500, -66.868200, '(0212) 762-9025'),
(46, 'Policlinica David Lobo', 'Libertador', 10.505000, -66.908000, '(0212) 541-5465'),
(47, 'Policlinica Las Mercedes', 'Baruta', 10.481500, -66.861200, '(0212) 993-2323'),
(48, 'Sede del Sebin (La Guaira)', 'Vargas', 10.592500, -66.941000, '(0212) 506-4444'),
(49, 'Hospital General de Misiones Nuevas Generaciones Hugo Chávez (IVSS)', 'Libertador', 10.495000, -66.911000, '(0212) 801-1000')
ON DUPLICATE KEY UPDATE 
  nombre = VALUES(nombre), 
  municipio = VALUES(municipio), 
  lat = VALUES(lat), 
  lng = VALUES(lng),
  telefono = VALUES(telefono);

-- 4. INSERTAR LISTADO COMPLETO DE PACIENTES
INSERT INTO pacientes (id, nombre, nombre_norm, cedula, edad, sexo, procedencia, hospital_id, hospital_texto, ingreso_fecha, ingreso_detalle, estado, posible_duplicado) VALUES
(1, 'ABDLY ABDELYS', 'ABDLY ABDELYS', '26254624', 28, 'Femenino', 'Caracas', 41, 'Hospital Periférico de Catia (Dr. Ricardo Baquero González)', '2026-06-25', 'Ingresado por emergencia de sismo. Estable.', 'hospitalizado', 0),
(2, 'ABELLO MATILDE', 'ABELLO MATILDE', NULL, 36, 'Femenino', 'Caracas', 4, 'Hospital Dr. Domingo Luciani', '2026-06-25', 'En observación médica.', 'hospitalizado', 0),
(3, 'Abello Wilmari', 'ABELLO WILMARI', NULL, 36, 'Femenino', 'Petare', 4, 'Hospital Dr. Domingo Luciani', '2026-06-25', 'Estable.', 'hospitalizado', 0),
(4, 'ABREU REINA MARGARITA', 'ABREU REINA MARGARITA', '13890251', 60, 'Femenino', 'Caracas', 2, 'Hospital Dr. José María Vargas', '2026-06-25', 'En evaluación.', 'hospitalizado', 0),
(5, 'ABREU REINA', 'ABREU REINA', NULL, NULL, 'Femenino', 'Caracas', 2, 'Hospital Dr. José María Vargas', '2026-06-25', 'Posible duplicado de Reina Margarita.', 'hospitalizado', 1),
(6, 'ABREU REYNA MARGARITA', 'ABREU REYNA MARGARITA', NULL, 60, 'Femenino', 'Caracas', 2, 'Hospital Dr. José María Vargas', '2026-06-25', 'Duplicado confirmado.', 'hospitalizado', 1),
(7, 'ACEVEDO ROSANGEL', 'ACEVEDO ROSANGEL', NULL, NULL, 'Femenino', 'Catia', 41, 'Hospital Periférico de Catia (Dr. Ricardo Baquero González)', '2026-06-25', 'En emergencias.', 'hospitalizado', 0),
(8, 'ACOSTA ANGEL', 'ACOSTA ANGEL', NULL, NULL, 'Masculino', 'Caracas', 41, 'Hospital Periférico de Catia (Dr. Ricardo Baquero González)', '2026-06-25', 'Heridas leves.', 'hospitalizado', 0),
(9, 'ACOSTA DANILSA', 'ACOSTA DANILSA', NULL, NULL, 'Femenino', 'Caracas', 2, 'Hospital Dr. José María Vargas', '2026-06-25', 'Estable.', 'hospitalizado', 0),
(10, 'Acosta De Barazarte Danilsa Yris', 'ACOSTA DE BARAZARTE DANILSA YRIS', NULL, NULL, 'Femenino', 'Caracas', 2, 'Hospital Dr. José María Vargas', '2026-06-25', 'En observación.', 'hospitalizado', 0),
(11, 'Acosta Edelmira', 'ACOSTA EDELMIRA', NULL, NULL, 'Femenino', 'Caracas', 4, 'Hospital Dr. Domingo Luciani', '2026-06-25', 'Control de pánico.', 'hospitalizado', 0),
(12, 'ACOSTA JAIRO', 'ACOSTA JAIRO', NULL, NULL, 'Masculino', 'Catia', 41, 'Hospital Periférico de Catia (Dr. Ricardo Baquero González)', '2026-06-25', 'Fractura leve.', 'hospitalizado', 0),
(13, 'ACOSTA MARCO', 'ACOSTA MARCO', NULL, NULL, 'Masculino', 'Caracas', 41, 'Hospital Periférico de Catia (Dr. Ricardo Baquero González)', '2026-06-25', 'En observación.', 'hospitalizado', 0),
(14, 'Acosta Marcos', 'ACOSTA MARCOS', NULL, NULL, 'Masculino', 'Caracas', 41, 'Hospital Periférico de Catia (Dr. Ricardo Baquero González)', '2026-06-25', 'Duplicado.', 'hospitalizado', 1),
(15, 'ACOSTA RAMON', 'ACOSTA RAMON', NULL, NULL, 'Masculino', 'Caracas', 2, 'Hospital Dr. José María Vargas', '2026-06-25', 'Control de hipertensión.', 'hospitalizado', 0),
(16, 'ACUÑA JESUS', 'ACUNA JESUS', NULL, NULL, 'Masculino', 'Catia', 41, 'Hospital Periférico de Catia (Dr. Ricardo Baquero González)', '2026-06-25', 'Estable.', 'hospitalizado', 0),
(17, 'ADAMES LORENA', 'ADAMES LORENA', NULL, NULL, 'Femenino', 'Caracas', 3, 'Hospital Miguel Pérez Carreño', '2026-06-25', 'Politraumatismo leve.', 'hospitalizado', 0),
(18, 'ADAN LUIS', 'ADAN LUIS', NULL, NULL, 'Masculino', 'Catia', 41, 'Hospital Periférico de Catia (Dr. Ricardo Baquero González)', '2026-06-25', 'Herida en cuero cabelludo.', 'hospitalizado', 0),
(19, 'ADRIAN JHOANNY', 'ADRIAN JHOANNY', NULL, NULL, 'Femenino', 'Catia', 41, 'Hospital Periférico de Catia (Dr. Ricardo Baquero González)', '2026-06-25', 'Crisis de ansiedad.', 'hospitalizado', 0),
(20, 'ADRIAN MARIO', 'ADRIAN MARIO', NULL, NULL, 'Masculino', 'Caracas', 41, 'Hospital Periférico de Catia (Dr. Ricardo Baquero González)', '2026-06-25', 'Traumatismo cerrado.', 'hospitalizado', 0),
(21, 'ADRIANZA JONATHAN', 'ADRIANZA JONATHAN', NULL, NULL, 'Masculino', 'Caracas', 3, 'Hospital Miguel Pérez Carreño', '2026-06-25', 'Contusiones.', 'hospitalizado', 0),
(22, 'AGAMEZ MIRIAN', 'AGAMEZ MIRIAN', NULL, NULL, 'Femenino', 'Caracas', 3, 'Hospital Miguel Pérez Carreño', '2026-06-25', 'Estable.', 'hospitalizado', 0),
(23, 'AGUANA ANGEL', 'AGUANA ANGEL', NULL, NULL, 'Masculino', 'Catia', 41, 'Hospital Periférico de Catia (Dr. Ricardo Baquero González)', '2026-06-25', 'Estable.', 'hospitalizado', 0),
(24, 'AGUANA LUIS', 'AGUANA LUIS', NULL, NULL, 'Masculino', 'Catia', 41, 'Hospital Periférico de Catia (Dr. Ricardo Baquero González)', '2026-06-25', 'Esguince tobillo.', 'hospitalizado', 0),
(25, 'Aguiar Eladia', 'AGUIAR ELADIA', NULL, NULL, 'Femenino', 'Caracas', 1, 'Hospital Universitario de Caracas (HUC)', '2026-06-25', 'En emergencias.', 'hospitalizado', 0),
(26, 'AGUIAR EMILIO', 'AGUIAR EMILIO', NULL, NULL, 'Masculino', 'Catia', 41, 'Hospital Periférico de Catia (Dr. Ricardo Baquero González)', '2026-06-25', 'Estable.', 'hospitalizado', 0),
(27, 'AGUILAR ENMA', 'AGUILAR ENMA', NULL, NULL, 'Femenino', 'Caracas', 2, 'Hospital Dr. José María Vargas', '2026-06-25', 'Crisis hipertensiva.', 'hospitalizado', 0),
(28, 'AGUILAR GABRIELA', 'AGUILAR GABRIELA', NULL, NULL, 'Femenino', 'Catia', 41, 'Hospital Periférico de Catia (Dr. Ricardo Baquero González)', '2026-06-25', 'Estable.', 'hospitalizado', 0),
(29, 'AGUILAR LISBETH', 'AGUILAR LISBETH', NULL, NULL, 'Femenino', 'Caracas', 3, 'Hospital Miguel Pérez Carreño', '2026-06-25', 'Contusión cerebral leve.', 'hospitalizado', 0),
(30, 'AGUILAR RAISA', 'AGUILAR RAISA', NULL, NULL, 'Femenino', 'Catia', 41, 'Hospital Periférico de Catia (Dr. Ricardo Baquero González)', '2026-06-25', 'En observación.', 'hospitalizado', 0),
(31, 'AGUILERA EDINSON', 'AGUILERA EDINSON', NULL, NULL, 'Masculino', 'Catia', 41, 'Hospital Periférico de Catia (Dr. Ricardo Baquero González)', '2026-06-25', 'Estable.', 'hospitalizado', 0),
(32, 'AGUILERA ISABEL', 'AGUILERA ISABEL', NULL, NULL, 'Femenino', 'Caracas', 2, 'Hospital Dr. José María Vargas', '2026-06-25', 'Control cardiológico.', 'hospitalizado', 0),
(33, 'AGUILERA JOSUE', 'AGUILERA JOSUE', NULL, NULL, 'Masculino', 'Catia', 41, 'Hospital Periférico de Catia (Dr. Ricardo Baquero González)', '2026-06-25', 'Fractura leve.', 'hospitalizado', 0),
(34, 'AGUILERA LORENZO', 'AGUILERA LORENZO', NULL, NULL, 'Masculino', 'Catia', 41, 'Hospital Periférico de Catia (Dr. Ricardo Baquero González)', '2026-06-25', 'Heridas superficiales.', 'hospitalizado', 0),
(35, 'AGUILERA MARIA', 'AGUILERA MARIA', NULL, NULL, 'Femenino', 'Caracas', 2, 'Hospital Dr. José María Vargas', '2026-06-25', 'Estable.', 'hospitalizado', 0),
(36, 'AGUIN JOSMER', 'AGUIN JOSMER', NULL, NULL, 'Masculino', 'Caracas', 3, 'Hospital Miguel Pérez Carreño', '2026-06-25', 'En observación.', 'hospitalizado', 0),
(37, 'AGUIRRE GLEYDE', 'AGUIRRE GLEYDE', NULL, NULL, 'Femenino', 'Caracas', 2, 'Hospital Dr. José María Vargas', '2026-06-25', 'Crisis de ansiedad.', 'hospitalizado', 0),
(38, 'AGUIRRE MERCEDES', 'AGUIRRE MERCEDES', NULL, NULL, 'Femenino', 'Catia', 41, 'Hospital Periférico de Catia (Dr. Ricardo Baquero González)', '2026-06-25', 'Estable.', 'hospitalizado', 0),
(39, 'AGUIRRE YESSICA', 'AGUIRRE YESSICA', NULL, NULL, 'Femenino', 'Catia', 41, 'Hospital Periférico de Catia (Dr. Ricardo Baquero González)', '2026-06-25', 'Heridas cortantes.', 'hospitalizado', 0),
(40, 'Alarcon Hector', 'ALARCON HECTOR', NULL, NULL, 'Masculino', 'Caracas', 3, 'Hospital Miguel Pérez Carreño', '2026-06-25', 'Estable.', 'hospitalizado', 0),
(41, 'ALARCON JAVIER', 'ALARCON JAVIER', NULL, NULL, 'Masculino', 'Caracas', 2, 'Hospital Dr. José María Vargas', '2026-06-25', 'Control médico.', 'hospitalizado', 0),
(42, 'ALARCON LUISA', 'ALARCON LUISA', NULL, NULL, 'Femenino', 'Catia', 41, 'Hospital Periférico de Catia (Dr. Ricardo Baquero González)', '2026-06-25', 'Politraumatismo.', 'hospitalizado', 0),
(43, 'ALASTRE GLENYS', 'ALASTRE GLENYS', NULL, NULL, 'Femenino', 'Caracas', 2, 'Hospital Dr. José María Vargas', '2026-06-25', 'Estable.', 'hospitalizado', 0),
(44, 'ALBARRAN ARGENIS', 'ALBARRAN ARGENIS', NULL, NULL, 'Masculino', 'Caracas', 3, 'Hospital Miguel Pérez Carreño', '2026-06-25', 'Herida en pierna.', 'hospitalizado', 0),
(45, 'ALBARRAN ARGENIS', 'ALBARRAN ARGENIS', NULL, NULL, 'Masculino', 'Caracas', 41, 'Hospital Periférico de Catia (Dr. Ricardo Baquero González)', '2026-06-25', 'Estable.', 'hospitalizado', 0),
(46, 'ALCALA ANGELICA', 'ALCALA ANGELICA', NULL, NULL, 'Femenino', 'Catia', 41, 'Hospital Periférico de Catia (Dr. Ricardo Baquero González)', '2026-06-25', 'Esguince.', 'hospitalizado', 0),
(47, 'ALCALA MANUEL', 'ALCALA MANUEL', NULL, NULL, 'Masculino', 'Caracas', 3, 'Hospital Miguel Pérez Carreño', '2026-06-25', 'Politraumatismo.', 'hospitalizado', 0),
(48, 'ALCALA MIGUEL', 'ALCALA MIGUEL', NULL, NULL, 'Masculino', 'Caracas', 41, 'Hospital Periférico de Catia (Dr. Ricardo Baquero González)', '2026-06-25', 'Estable.', 'hospitalizado', 0),
(49, 'ALCALA NESTOR', 'ALCALA NESTOR', NULL, NULL, 'Masculino', 'Caracas', 41, 'Hospital Periférico de Catia (Dr. Ricardo Baquero González)', '2026-06-25', 'En observación.', 'hospitalizado', 0),
(50, 'ALCALA NORELYS', 'ALCALA NORELYS', NULL, NULL, 'Femenino', 'Caracas', 3, 'Hospital Miguel Pérez Carreño', '2026-06-25', 'En emergencias.', 'hospitalizado', 0),
(51, 'ALCALA NORELYS', 'ALCALA NORELYS', NULL, NULL, 'Femenino', 'Caracas', 41, 'Hospital Periférico de Catia (Dr. Ricardo Baquero González)', '2026-06-25', 'Estable.', 'hospitalizado', 0),
(52, 'ALCALA NORELYS YULIMAR', 'ALCALA NORELYS YULIMAR', NULL, NULL, 'Femenino', 'Caracas', 41, 'Hospital Periférico de Catia (Dr. Ricardo Baquero González)', '2026-06-25', 'Posible duplicado.', 'hospitalizado', 1),
(53, 'ALCEGA MILENA', 'ALCEGA MILENA', NULL, NULL, 'Femenino', 'Caracas', 41, 'Hospital Periférico de Catia (Dr. Ricardo Baquero González)', '2026-06-25', 'Control tensional.', 'hospitalizado', 0),
(54, 'ALCORTA LUIS', 'ALCORTA LUIS', NULL, NULL, 'Masculino', 'Caracas', 2, 'Hospital Dr. José María Vargas', '2026-06-25', 'Fractura leve.', 'hospitalizado', 0),
(55, 'ALDANA ALICIA', 'ALDANA ALICIA', NULL, NULL, 'Femenino', 'Catia', 41, 'Hospital Periférico de Catia (Dr. Ricardo Baquero González)', '2026-06-25', 'Estable.', 'hospitalizado', 0),
(56, 'ALDANA EDUARDO', 'ALDANA EDUARDO', NULL, NULL, 'Masculino', 'Caracas', 3, 'Hospital Miguel Pérez Carreño', '2026-06-25', 'Politraumatismo leve.', 'hospitalizado', 0),
(57, 'ALDANA JOSE', 'ALDANA JOSE', NULL, NULL, 'Masculino', 'Catia', 41, 'Hospital Periférico de Catia (Dr. Ricardo Baquero González)', '2026-06-25', 'Esguince.', 'hospitalizado', 0),
(58, 'ALDANA KATERINE', 'ALDANA KATERINE', NULL, NULL, 'Femenino', 'Catia', 41, 'Hospital Periférico de Catia (Dr. Ricardo Baquero González)', '2026-06-25', 'Herida en brazo.', 'hospitalizado', 0),
(59, 'ALDANA REBECA', 'ALDANA REBECA', NULL, NULL, 'Femenino', 'Caracas', 2, 'Hospital Dr. José María Vargas', '2026-06-25', 'Control de pánico.', 'hospitalizado', 0),
(60, 'ALFARO MARIANNY', 'ALFARO MARIANNY', NULL, NULL, 'Femenino', 'Catia', 41, 'Hospital Periférico de Catia (Dr. Ricardo Baquero González)', '2026-06-25', 'Estable.', 'hospitalizado', 0),
(61, 'ALFONZO EMILIANO', 'ALFONZO EMILIANO', NULL, NULL, 'Masculino', 'Caracas', 3, 'Hospital Miguel Pérez Carreño', '2026-06-25', 'Heridas cortantes.', 'hospitalizado', 0),
(62, 'ALFONZO EMILIANO', 'ALFONZO EMILIANO', NULL, NULL, 'Masculino', 'Caracas', 41, 'Hospital Periférico de Catia (Dr. Ricardo Baquero González)', '2026-06-25', 'Estable.', 'hospitalizado', 0),
(63, 'ALFONZO MAGALYS', 'ALFONZO MAGALYS', NULL, NULL, 'Femenino', 'Caracas', 2, 'Hospital Dr. José María Vargas', '2026-06-25', 'Estable.', 'hospitalizado', 0),
(64, 'ALFONZO YRENE', 'ALFONZO YRENE', NULL, NULL, 'Femenino', 'Catia', 41, 'Hospital Periférico de Catia (Dr. Ricardo Baquero González)', '2026-06-25', 'Crisis de pánico.', 'hospitalizado', 0),
(65, 'ALISTE ISIDRA', 'ALISTE ISIDRA', NULL, NULL, 'Femenino', 'Caracas', 2, 'Hospital Dr. José María Vargas', '2026-06-25', 'Control médico.', 'hospitalizado', 0),
(66, 'ALMEA MARIA', 'ALMEA MARIA', NULL, NULL, 'Femenino', 'Caracas', 2, 'Hospital Dr. José María Vargas', '2026-06-25', 'Estable.', 'hospitalizado', 0),
(67, 'ALMEA MARIA GREGORIA', 'ALMEA MARIA GREGORIA', NULL, NULL, 'Femenino', 'Caracas', 2, 'Hospital Dr. José María Vargas', '2026-06-25', 'Posible duplicado.', 'hospitalizado', 1),
(68, 'ALMENDOZA CARMEN', 'ALMENDOZA CARMEN', NULL, NULL, 'Femenino', 'Catia', 41, 'Hospital Periférico de Catia (Dr. Ricardo Baquero González)', '2026-06-25', 'En observación.', 'hospitalizado', 0),
(69, 'ALMENDOZA JORGE', 'ALMENDOZA JORGE', NULL, NULL, 'Masculino', 'Catia', 41, 'Hospital Periférico de Catia (Dr. Ricardo Baquero González)', '2026-06-25', 'Fractura leve.', 'hospitalizado', 0),
(70, 'ALTUBE GERARDO', 'ALTUBE GERARDO', NULL, NULL, 'Masculino', 'Caracas', 3, 'Hospital Miguel Pérez Carreño', '2026-06-25', 'Herida en pierna.', 'hospitalizado', 0),
(71, 'ALVARADO ALEXANDER', 'ALVARADO ALEXANDER', NULL, NULL, 'Masculino', 'Caracas', 3, 'Hospital Miguel Pérez Carreño', '2026-06-25', 'Estable.', 'hospitalizado', 0),
(72, 'ALVARADO CARLOS', 'ALVARADO CARLOS', NULL, NULL, 'Masculino', 'Catia', 41, 'Hospital Periférico de Catia (Dr. Ricardo Baquero González)', '2026-06-25', 'Control de trauma.', 'hospitalizado', 0),
(73, 'ALVARADO ELIZABETH', 'ALVARADO ELIZABETH', NULL, NULL, 'Femenino', 'Caracas', 2, 'Hospital Dr. José María Vargas', '2026-06-25', 'Crisis hipertensiva.', 'hospitalizado', 0),
(74, 'ALVARADO JESUS', 'ALVARADO JESUS', NULL, NULL, 'Masculino', 'Catia', 41, 'Hospital Periférico de Catia (Dr. Ricardo Baquero González)', '2026-06-25', 'Estable.', 'hospitalizado', 0),
(75, 'ALVARADO JOSE', 'ALVARADO JOSE', NULL, NULL, 'Masculino', 'Caracas', 3, 'Hospital Miguel Pérez Carreño', '2026-06-25', 'Estable.', 'hospitalizado', 0),
(76, 'ALVARADO LUIS', 'ALVARADO LUIS', NULL, NULL, 'Masculino', 'Catia', 41, 'Hospital Periférico de Catia (Dr. Ricardo Baquero González)', '2026-06-25', 'Contusiones.', 'hospitalizado', 0),
(77, 'ALVARADO MARIA', 'ALVARADO MARIA', NULL, NULL, 'Femenino', 'Caracas', 2, 'Hospital Dr. José María Vargas', '2026-06-25', 'Estable.', 'hospitalizado', 0),
(78, 'ALVARADO NELLY', 'ALVARADO NELLY', NULL, NULL, 'Femenino', 'Catia', 41, 'Hospital Periférico de Catia (Dr. Ricardo Baquero González)', '2026-06-25', 'Politraumatismo.', 'hospitalizado', 0),
(79, 'ALVARADO YELITZA', 'ALVARADO YELITZA', NULL, NULL, 'Femenino', 'Catia', 41, 'Hospital Periférico de Catia (Dr. Ricardo Baquero González)', '2026-06-25', 'Crisis de ansiedad.', 'hospitalizado', 0),
(80, 'ALVAREZ ALFREDO', 'ALVAREZ ALFREDO', NULL, NULL, 'Masculino', 'Caracas', 3, 'Hospital Miguel Pérez Carreño', '2026-06-25', 'Fractura leve.', 'hospitalizado', 0),
(81, 'ALVAREZ ALICIA', 'ALVAREZ ALICIA', NULL, NULL, 'Femenino', 'Caracas', 2, 'Hospital Dr. José María Vargas', '2026-06-25', 'Estable.', 'hospitalizado', 0),
(82, 'ALVAREZ ANA', 'ALVAREZ ANA', NULL, NULL, 'Femenino', 'Catia', 41, 'Hospital Periférico de Catia (Dr. Ricardo Baquero González)', '2026-06-25', 'En emergencias.', 'hospitalizado', 0),
(83, 'ALVAREZ DANIELA', 'ALVAREZ DANIELA', NULL, NULL, 'Femenino', 'Catia', 41, 'Hospital Periférico de Catia (Dr. Ricardo Baquero González)', '2026-06-25', 'Estable.', 'hospitalizado', 0),
(84, 'ALVAREZ FRANCIS', 'ALVAREZ FRANCIS', NULL, NULL, 'Femenino', 'Caracas', 2, 'Hospital Dr. José María Vargas', '2026-06-25', 'Crisis de pánico.', 'hospitalizado', 0),
(85, 'ALVAREZ INGRID', 'ALVAREZ INGRID', NULL, NULL, 'Femenino', 'Caracas', 3, 'Hospital Miguel Pérez Carreño', '2026-06-25', 'Control de hipertensión.', 'hospitalizado', 0),
(86, 'ALVAREZ JAIRO', 'ALVAREZ JAIRO', NULL, NULL, 'Masculino', 'Catia', 41, 'Hospital Periférico de Catia (Dr. Ricardo Baquero González)', '2026-06-25', 'Herida leve.', 'hospitalizado', 0),
(87, 'ALVAREZ JOSE', 'ALVAREZ JOSE', NULL, NULL, 'Masculino', 'Caracas', 3, 'Hospital Miguel Pérez Carreño', '2026-06-25', 'Contusiones.', 'hospitalizado', 0),
(88, 'ALVAREZ JOSE', 'ALVAREZ JOSE', NULL, NULL, 'Masculino', 'Caracas', 41, 'Hospital Periférico de Catia (Dr. Ricardo Baquero González)', '2026-06-25', 'Estable.', 'hospitalizado', 0),
(89, 'ALVAREZ LISBETH', 'ALVAREZ LISBETH', NULL, NULL, 'Femenino', 'Caracas', 3, 'Hospital Miguel Pérez Carreño', '2026-06-25', 'Crisis de pánico.', 'hospitalizado', 0),
(90, 'ALVAREZ MARCOS', 'ALVAREZ MARCOS', NULL, NULL, 'Masculino', 'Catia', 41, 'Hospital Periférico de Catia (Dr. Ricardo Baquero González)', '2026-06-25', 'Estable.', 'hospitalizado', 0),
(91, 'ALVAREZ MIGUEL', 'ALVAREZ MIGUEL', NULL, NULL, 'Masculino', 'Caracas', 3, 'Hospital Miguel Pérez Carreño', '2026-06-25', 'Herida en brazo.', 'hospitalizado', 0),
(92, 'ALVAREZ NESTOR', 'ALVAREZ NESTOR', NULL, NULL, 'Masculino', 'Catia', 41, 'Hospital Periférico de Catia (Dr. Ricardo Baquero González)', '2026-06-25', 'Estable.', 'hospitalizado', 0),
(93, 'ALVAREZ RAMON', 'ALVAREZ RAMON', NULL, NULL, 'Masculino', 'Caracas', 2, 'Hospital Dr. José María Vargas', '2026-06-25', 'Estable.', 'hospitalizado', 0),
(94, 'ALVAREZ ROSA', 'ALVAREZ ROSA', NULL, NULL, 'Femenino', 'Catia', 41, 'Hospital Periférico de Catia (Dr. Ricardo Baquero González)', '2026-06-25', 'Crisis hipertensiva.', 'hospitalizado', 0),
(95, 'ALVAREZ YOLANDA', 'ALVAREZ YOLANDA', NULL, NULL, 'Femenino', 'Caracas', 3, 'Hospital Miguel Pérez Carreño', '2026-06-25', 'Estable.', 'hospitalizado', 0),
(96, 'ALZURO KEVIN', 'ALZURO KEVIN', NULL, NULL, 'Masculino', 'Caracas', 3, 'Hospital Miguel Pérez Carreño', '2026-06-25', 'Estable.', 'hospitalizado', 0),
(97, 'ALZURO LUIS', 'ALZURO LUIS', NULL, NULL, 'Masculino', 'Catia', 41, 'Hospital Periférico de Catia (Dr. Ricardo Baquero González)', '2026-06-25', 'Trauma leve.', 'hospitalizado', 0),
(98, 'AMADIZ CARMEN', 'AMADIZ CARMEN', NULL, NULL, 'Femenino', 'Caracas', 3, 'Hospital Miguel Pérez Carreño', '2026-06-25', 'Estable.', 'hospitalizado', 0),
(99, 'AMADO JUAN', 'AMADO JUAN', NULL, NULL, 'Masculino', 'Caracas', 2, 'Hospital Dr. José María Vargas', '2026-06-25', 'En observación.', 'hospitalizado', 0),
(100, 'AMARILLO GUSTAVO', 'AMARILLO GUSTAVO', NULL, NULL, 'Masculino', 'Catia', 41, 'Hospital Periférico de Catia (Dr. Ricardo Baquero González)', '2026-06-25', 'Esguince.', 'hospitalizado', 0);

-- 5. INSERTAR CATÁLOGO DE MEDICAMENTOS Y DONACIONES EN STOCK
INSERT INTO medicamentos (id, nombre, nombre_norm, categoria, cantidad, unidad, hospital_id, hospital_texto, disponible, donante, notas) VALUES
(1, 'Ibuprofeno 400mg', 'IBUPROFENO 400MG', 'Analgésico', 120, 'tabletas', 1, 'Hospital Universitario de Caracas (HUC)', 1, 'Cruz Roja Venezolana', 'Uso exclusivo para pacientes admitidos por la emergencia del sismo.'),
(2, 'Amoxicilina + Ácido Clavulánico 875/125mg', 'AMOXIICILINA + ACIDO CLAVULANICO 875/125MG', 'Antibiótico', 45, 'blisters', 4, 'Hospital Dr. Domingo Luciani', 1, 'Iniciativa Privada FarmaAyuda', 'Mantener en lugar fresco. Requiere récipe para entrega.'),
(3, 'Losartán Potásico 50mg', 'LOSARTAN POTASICO 50MG', 'Cardiovascular', 200, 'tabletas', 2, 'Hospital Dr. José María Vargas', 1, 'Cáritas de Venezuela', 'Para control de pacientes crónicos e hipertensos damnificados.'),
(4, 'Solución Fisiológica 0.9% 500ml', 'SOLUCION FISIOLOGICA 0.9% 500ML', 'Hidratación', 350, 'frascos', 3, 'Hospital Miguel Pérez Carreño', 1, 'OPS/OMS Venezuela', 'Insumo crítico para quirófanos y sala de emergencias.'),
(5, 'Gasas Estériles 10x10cm', 'GASAS ESTERILES 10X10CM', 'Material de curación', 1500, 'unidades', 6, 'Hospital Universitario Dr. Ángel Larralde', 1, 'Médicos Sin Fronteras', 'Cajas selladas de 100 unidades listas para distribución interna.'),
(6, 'Insulina NPH Humana 100 UI/ml', 'INSULINA NPH HUMANA 100 UI/ML', 'Diabetes', 25, 'viales', 5, 'Hospital Central de Maracay', 1, 'Donación Comunitaria Chacao', 'Requiere refrigeración estricta entre 2°C y 8°C.'),
(7, 'Salbutamol Inhalador 100mcg', 'SALBUTAMOL INHALADOR 100MCG', 'Respiratorio', 0, 'inhaladores', 7, 'Hospital Universitario de Maracaibo', 0, 'Anónimo', 'AGOTADO. Se espera reposición por vía aérea en las próximas 48 horas.'),
(8, 'Acetaminofén Pediátrico Jarabe 120mg/5ml', 'ACETAMINOFEN PEDIATRICO JARABE 120MG/5ML', 'Analgésico', 80, 'frascos', 10, 'Hospital Central de San Cristóbal', 1, 'Rotary Club San Cristóbal', 'Para control de cuadros febriles en niños de los albergues temporales.'),
(9, 'Ceftriaxona 1g IV', 'CEFTRIAXONA 1G IV', 'Antibiótico', 110, 'ampollas', 9, 'Hospital Dr. Manuel Núñez Tovar', 1, 'Acnur Venezuela', 'Antibiótico de amplio espectro para traumatismos complicados.'),
(10, 'Adrenalina Ampollas 1mg/ml', 'ADRENALINA AMPOLLAS 1MG/ML', 'Otro', 50, 'ampollas', 1, 'Hospital Universitario de Caracas (HUC)', 1, 'Ministerio de Salud', 'Insumo de soporte vital para carros de paro cardiorrespiratorio.');

-- 5.5. INSERTAR CATÁLOGO DE TRANSPORTE Y OFERTAS DE VEHÍCULOS VOLUNTARIOS
INSERT INTO transporte (id, nombre, nombre_norm, telefono, ciudad, vehiculo, capacidad_personas, capacidad_carga, disponible, notas) VALUES
(1, 'Carlos Augusto Mendoza', 'CARLOS AUGUSTO MENDOZA', '+584123456789', 'Caracas', 'Camioneta Pick-up Toyota Hilux 4x4', 4, '800 kg (Plataforma amplia para cajas o escombros)', 1, 'Disponible para traslados urgentes de heridos, agua mineral, plantas eléctricas o alimentos.'),
(2, 'María Gabriela Torres Rivas', 'MARIA GABRIELA TORRES RIVAS', '+584149876543', 'Valencia', 'Microbús Encava (24 puestos)', 24, '1.5 Toneladas (Portaequipaje amplio)', 1, 'Disponible para el traslado de brigadas de rescate, personal médico o evacuación masiva de familias.'),
(3, 'José Gregorio Silva', 'JOSE GREGORIO SILVA', '+584161112233', 'Maracay', 'Sedán Toyota Corolla', 4, '100 kg (Maletero estándar)', 1, 'Disponibilidad inmediata para traslado de médicos, enfermeros o distribución rápida de medicamentos/insumos.'),
(4, 'Luis Eladio Rondón Pérez', 'LUIS ELADIO RONDON PEREZ', '+584245556677', 'Barquisimeto', 'Camión de Carga Ford 350', 2, '3.5 Toneladas (Plataforma abierta con lona)', 1, 'Ideal para trasladar cargamentos pesados de insumos hospitalarios, medicamentos o donaciones de gran escala.'),
(5, 'Andrés Eloy Blanco Orozco', 'ANDRES ELOY BLANCO OROZCO', '+584128889900', 'San Cristóbal', 'Vehículo Rústico Jeep Machito', 5, '400 kg', 1, 'Apto para zonas de montaña difíciles, caminos obstruidos o con barro.'),
(6, 'Patricia Valentina Guerrero', 'PATRICIA VALENTINA GUERRERO', '+584267778899', 'Maracaibo', 'Van Hyundai H1 (Furgoneta)', 8, '800 kg', 1, 'Apoyo en traslado de suministros médicos fríos o personal voluntario entre Maracaibo y San Francisco.'),
(7, 'Francisco Javier Gil', 'FRANCISCO JAVIER GIL', '+584144445566', 'La Guaira', 'Camioneta Sport Van Kia Sedona', 7, '300 kg', 0, 'Temporalmente inactivo por mantenimiento, disponible para planificar traslados programados.');

SET FOREIGN_KEY_CHECKS = 1;
